'concepto','monto'
IMPUESTOS DEBITOS,2523551.2899999996
COMISIONES,9330.28
IVA,57780.07999999997
PERC. IVA,8103.85
IIBB,4150659.69
TRANSFERENCIA,695329714.9700006
IMPUESTOS CREDITOS,926362.7000000002
CHEQUE / FALLA,785580.52
CHEQUE,231919492.24
OPERACIONES FINANCIERAS,81129382.82000001
INTERESES,533194.07
SELLOS,10987.52
SUELDOS,8975093.0
